run	index name	bool fields count	document count	base	percentage of true	disk space	query type	thread count	min terms	max terms	duration	queries run	queries with results	total results lower bound	error count	queries per second	percentage of queries that had results	average results per query	average query duration	<1	<2	<5	<10	<20	<50	<100	<200	<500	<1,000	<2,000	<5,000	<10,000	<20,000	>=20,000
1	test01	20	10,000,000	2	9.25	433,555,039	ALL	1	1	5	60,065	11,650	5,032	18,694,255	0	194	43.19	1,604.66	5	26.50	54.02	8.58	3.30	2.04	2.92	1.37	1.26	.01						
2	test01	20	10,000,000	2	9.25	433,555,039	SOME	1	1	5	60,043	784	784	6,845,682	0	13	100.00	8,731.74	77	2.68	13.65	11.99	11.61	9.69	13.90	10.59	11.86	14.03						
3	test01	20	10,000,000	2	9.25	433,555,039	NEGATE_ALL	1	1	5	60,010	168	168	1,680,000	0	3	100.00	10,000.00	357									100.00						
4	test01	20	10,000,000	2	9.25	433,555,039	NEGATE_ALL2	1	1	5	60,009	74	74	740,000	0	1	100.00	10,000.00	811										87.84	12.16				
5	test01	20	10,000,000	2	9.25	433,555,039	ALL	10	1	5	60,117	98,563	42,412	156,938,455	0	1,640	43.03	1,592.27	6	33.98	47.30	7.46	3.58	1.98	2.35	1.48	1.30	.56						
6	test01	20	10,000,000	2	9.25	433,555,039	SOME	10	1	5	60,272	6,373	6,373	55,549,583	0	106	100.00	8,716.40	94	3.70	12.49	9.92	9.81	8.98	12.55	10.58	12.93	18.94	.11					
7	test01	20	10,000,000	2	9.25	433,555,039	NEGATE_ALL	10	1	5	60,319	1,460	1,460	14,600,000	0	24	100.00	10,000.00	412								.34	88.01	11.64					
8	test01	20	10,000,000	2	9.25	433,555,039	NEGATE_ALL2	10	1	5	60,801	645	645	6,450,000	0	11	100.00	10,000.00	938										79.69	20.31				
9	test01	20	10,000,000	2	9.25	433,555,039	ALL	20	1	5	60,143	105,201	45,418	167,678,666	0	1,749	43.17	1,593.89	11	.00	.89	40.64	34.52	14.51	5.92	1.65	1.21	.65						
10	test01	20	10,000,000	2	9.25	433,555,039	SOME	20	1	5	60,210	6,399	6,399	55,761,534	0	106	100.00	8,714.10	188		.03	.02	.03	.44	5.06	23.25	38.12	29.68	3.38					
11	test01	20	10,000,000	2	9.25	433,555,039	NEGATE_ALL	20	1	5	60,799	1,464	1,464	14,640,000	0	24	100.00	10,000.00	825									.61	97.95	1.43				
12	test01	20	10,000,000	2	9.25	433,555,039	NEGATE_ALL2	20	1	5	61,784	668	668	6,680,000	0	11	100.00	10,000.00	1,824										1.50	80.39	18.11			
13	test01	20	10,000,000	2	9.25	433,555,039	ALL	100	1	5	60,147	104,339	45,324	166,709,570	0	1,735	43.44	1,597.77	58	.00	.02	.03	.09	.76	47.68	44.75	5.54	1.13						
14	test01	20	10,000,000	2	9.25	433,555,039	SOME	100	1	5	61,034	6,396	6,396	55,497,290	0	105	100.00	8,676.88	944	.02	.02	.03	.02	.02	.11	.17	.08	.45	63.66	35.43				
15	test01	20	10,000,000	2	9.25	433,555,039	NEGATE_ALL	100	1	5	64,405	1,547	1,547	15,470,000	0	24	100.00	10,000.00	4,021									.52	.84	1.75	96.90			
16	test01	20	10,000,000	2	9.25	433,555,039	NEGATE_ALL2	100	1	5	68,850	736	736	7,360,000	0	11	100.00	10,000.00	8,771										1.09	1.22	4.62	88.32	4.76	
17	test01	20	10,000,000	2	9.25	433,555,039	ALL	100	1	1	60,391	28,086	28,086	164,846,337	0	465	100.00	5,869.34	214	.01	.02	.01	.02	.06	.07	1.13	44.79	53.72	.16					
18	test01	20	10,000,000	2	9.25	433,555,039	SOME	100	1	1	60,296	27,091	27,091	158,810,370	0	449	100.00	5,862.11	222	.01	.03	.02	.04	.01	.04	.59	41.08	57.91	.28					
19	test01	20	10,000,000	2	9.25	433,555,039	NEGATE_ALL	100	1	1	64,490	1,418	1,418	14,180,000	0	22	100.00	10,000.00	4,391									.49	.78	1.62	97.11			
20	test01	20	10,000,000	2	9.25	433,555,039	NEGATE_ALL2	100	1	1	69,577	722	722	7,220,000	0	10	100.00	10,000.00	8,969										.83	1.25	4.43	90.17	3.32	
21	test01	20	10,000,000	2	9.25	433,555,039	ALL	100	2	2	60,053	273,111	198,296	487,009,809	0	4,548	72.61	1,783.19	22	.00	.01	.04	.30	46.90	51.04	1.27	.45	.00						
22	test01	20	10,000,000	2	9.25	433,555,039	SOME	100	2	2	60,738	12,706	12,706	107,354,588	0	209	100.00	8,449.13	474	.05	.02	.03	.02	.08	.09	.13	.03	64.91	34.59	.09				
23	test01	20	10,000,000	2	9.25	433,555,039	NEGATE_ALL	100	2	2	64,225	1,474	1,474	14,740,000	0	23	100.00	10,000.00	4,209									.54	.75	1.42	97.29			
24	test01	20	10,000,000	2	9.25	433,555,039	NEGATE_ALL2	100	2	2	69,969	734	734	7,340,000	0	10	100.00	10,000.00	8,850										.95	1.50	3.95	89.92	3.68	
25	test01	20	10,000,000	2	9.25	433,555,039	ALL	100	3	3	60,074	393,999	128,986	127,717,600	0	6,559	32.74	324.16	15	.00	.00	.01	15.19	68.29	15.51	.71	.28	.01						
26	test01	20	10,000,000	2	9.25	433,555,039	SOME	100	3	3	61,114	6,061	6,061	57,368,856	0	99	100.00	9,465.25	998		.09	.02	.02	.36	.12	.03	.03	.54	52.85	46.39				
27	test01	20	10,000,000	2	9.25	433,555,039	NEGATE_ALL	100	3	3	64,147	1,544	1,544	15,440,000	0	24	100.00	10,000.00	4,022									.45	.84	1.55	97.15			
28	test01	20	10,000,000	2	9.25	433,555,039	NEGATE_ALL2	100	3	3	69,276	736	736	7,360,000	0	11	100.00	10,000.00	8,799										.95	1.22	4.35	89.54	3.94	
29	test01	20	10,000,000	2	9.25	433,555,039	ALL	100	4	4	60,064	663,611	64,597	21,985,645	0	11,048	9.73	33.13	9	.00	.00	.03	70.69	28.35	.75	.14	.04	.00						
30	test01	20	10,000,000	2	9.25	433,555,039	SOME	100	4	4	61,664	4,615	4,615	45,480,954	0	75	100.00	9,855.03	1,316			.35	.02	.04	.04	.07	.22	.63	2.64	96.34	.58			
31	test01	20	10,000,000	2	9.25	433,555,039	NEGATE_ALL	100	4	4	63,891	1,613	1,613	16,130,000	0	25	100.00	10,000.00	3,844									.50	.74	1.49	97.27			
32	test01	20	10,000,000	2	9.25	433,555,039	NEGATE_ALL2	100	4	4	68,992	746	746	7,460,000	0	11	100.00	10,000.00	8,641										1.07	1.07	4.16	92.36	1.34	
33	test01	20	10,000,000	2	9.25	433,555,039	ALL	100	6	6	60,009	752,143	1,469	12,487	0	12,534	.20	.02	8	.00	.00	.02	94.62	5.34	.02									
34	test01	20	10,000,000	2	9.25	433,555,039	SOME	100	6	6	62,288	3,180	3,180	31,758,451	0	51	100.00	9,986.93	1,918						.09	.06	.03	.47	.82	59.56	38.96			
35	test01	20	10,000,000	2	9.25	433,555,039	NEGATE_ALL	100	6	6	63,620	1,793	1,793	17,930,000	0	28	100.00	10,000.00	3,445								.53	.45	.84	1.62	97.10			
36	test01	20	10,000,000	2	9.25	433,555,039	NEGATE_ALL2	100	6	6	69,178	803	803	8,030,000	0	12	100.00	10,000.00	8,042										.87	1.62	4.36	93.15		
37	test01	20	10,000,000	2	9.25	433,555,039	ALL	100	10	10	60,011	550,592	0	0	0	9,175	.00	.00	11		.00	.02	4.82	95.12	.04									
38	test01	20	10,000,000	2	9.25	433,555,039	SOME	100	10	10	63,017	2,081	2,081	20,810,000	0	33	100.00	10,000.00	2,957								.05	.62	.67	1.49	97.16			
39	test01	20	10,000,000	2	9.25	433,555,039	NEGATE_ALL	100	10	10	62,916	2,170	2,170	21,700,000	0	34	100.00	10,000.00	2,834								.05	.46	.97	1.57	96.96			
40	test01	20	10,000,000	2	9.25	433,555,039	NEGATE_ALL2	100	10	10	67,420	848	848	8,480,000	0	13	100.00	10,000.00	7,514									.24	.71	1.18	4.72	93.16		
41	test01	20	10,000,000	2	9.25	433,555,039	ALL	100	15	15	60,015	420,342	0	0	0	7,004	.00	.00	14		.00	.01	.02	97.92	2.05									
42	test01	20	10,000,000	2	9.25	433,555,039	SOME	100	15	15	64,591	1,508	1,508	15,080,000	0	23	100.00	10,000.00	4,134									.53	.73	1.59	97.15			
43	test01	20	10,000,000	2	9.25	433,555,039	NEGATE_ALL	100	15	15	62,294	2,747	2,747	27,470,000	0	44	100.00	10,000.00	2,226								.15	.55	.87	1.49	96.94			
44	test01	20	10,000,000	2	9.25	433,555,039	NEGATE_ALL2	100	15	15	65,525	1,249	1,249	12,490,000	0	19	100.00	10,000.00	5,019									.48	.88	1.60	21.54	75.50		
45	test02	60	1,000,000	1.29	6.517	82,238,956	ALL	1	1	5	60,001	31,983	10,938	28,011,490	0	533	34.20	875.82	2	18.47	50.00	26.01	2.62	1.65	1.19	.06								
46	test02	60	1,000,000	1.29	6.517	82,238,956	SOME	1	1	5	60,010	8,683	8,683	61,170,449	0	145	100.00	7,044.85	7	8.22	34.08	20.81	11.86	13.27	11.72	.03								
47	test02	60	1,000,000	1.29	6.517	82,238,956	NEGATE_ALL	1	1	5	60,107	544	544	1,380,990	0	9	100.00	2,538.59	110							13.60	86.40							
48	test02	60	1,000,000	1.29	6.517	82,238,956	NEGATE_ALL2	1	1	5	60,051	783	783	1,921,239	0	13	100.00	2,453.69	77							89.53	5.49	4.98						
49	test02	60	1,000,000	1.29	6.517	82,238,956	ALL	10	1	5	60,010	648,848	222,311	580,517,397	0	10,812	34.26	894.69	1	48.89	42.73	4.97	1.78	1.28	.36									
50	test02	60	1,000,000	1.29	6.517	82,238,956	SOME	10	1	5	60,027	77,423	77,423	541,268,110	0	1,290	100.00	6,991.05	8	10.40	31.85	18.95	11.80	12.49	14.23	.27	.00							
51	test02	60	1,000,000	1.29	6.517	82,238,956	NEGATE_ALL	10	1	5	60,102	4,555	4,555	11,699,586	0	76	100.00	2,568.52	132							3.95	96.05							
52	test02	60	1,000,000	1.29	6.517	82,238,956	NEGATE_ALL2	10	1	5	60,126	6,454	6,454	16,225,148	0	107	100.00	2,513.97	93							81.79	13.20	5.00						
53	test02	60	1,000,000	1.29	6.517	82,238,956	ALL	20	1	5	60,019	697,967	238,705	618,656,973	0	11,629	34.20	886.37	2	2.69	65.75	27.38	2.29	1.40	.48									
54	test02	60	1,000,000	1.29	6.517	82,238,956	SOME	20	1	5	60,025	78,605	78,605	551,109,998	0	1,310	100.00	7,011.13	15	.00	.01	5.70	33.57	36.54	22.61	1.57								
55	test02	60	1,000,000	1.29	6.517	82,238,956	NEGATE_ALL	20	1	5	60,254	4,509	4,509	11,279,845	0	75	100.00	2,501.63	267							.02	.27	99.71						
56	test02	60	1,000,000	1.29	6.517	82,238,956	NEGATE_ALL2	20	1	5	60,227	6,425	6,425	16,256,627	0	107	100.00	2,530.21	187							.08	78.46	21.46						
57	test02	60	1,000,000	1.29	6.517	82,238,956	ALL	100	1	5	60,030	691,535	236,687	615,432,636	0	11,520	34.23	889.95	9	.00	.01	.05	74.42	24.19	1.33	.00								
58	test02	60	1,000,000	1.29	6.517	82,238,956	SOME	100	1	5	60,089	77,805	77,805	546,095,379	0	1,295	100.00	7,018.77	77	.00	.01	.01	.02	.02	.96	90.23	8.74							
59	test02	60	1,000,000	1.29	6.517	82,238,956	NEGATE_ALL	100	1	5	61,316	4,593	4,593	11,514,366	0	75	100.00	2,506.94	1,320							.12	.22	.54	.85	98.39				
60	test02	60	1,000,000	1.29	6.517	82,238,956	NEGATE_ALL2	100	1	5	60,877	6,534	6,534	16,334,711	0	107	100.00	2,499.96	925							.12	.12	.51	90.10	9.15				
61	test02	60	1,000,000	1.29	6.517	82,238,956	ALL	100	1	1	60,032	300,544	300,544	1,108,904,894	0	5,006	100.00	3,689.66	20	.00	.01	.01	.18	54.04	45.72	.05								
62	test02	60	1,000,000	1.29	6.517	82,238,956	SOME	100	1	1	60,034	301,562	301,562	1,111,387,003	0	5,023	100.00	3,685.44	20	.00	.00	.01	.10	54.55	45.31	.03								
63	test02	60	1,000,000	1.29	6.517	82,238,956	NEGATE_ALL	100	1	1	61,381	4,425	4,425	8,437,421	0	72	100.00	1,906.76	1,372								.23	.47	.88	98.42				
64	test02	60	1,000,000	1.29	6.517	82,238,956	NEGATE_ALL2	100	1	1	60,843	7,304	7,304	13,739,590	0	120	100.00	1,881.11	827							.11	.14	.56	97.81	1.38				
65	test02	60	1,000,000	1.29	6.517	82,238,956	ALL	100	2	2	60,022	743,583	384,849	508,947,269	0	12,389	51.76	684.45	8	.00	.00	.12	82.78	16.36	.74									
66	test02	60	1,000,000	1.29	6.517	82,238,956	SOME	100	2	2	60,067	126,680	126,680	770,728,791	0	2,109	100.00	6,084.06	47	.00	.00	.01	.01	.03	64.80	35.10	.05							
67	test02	60	1,000,000	1.29	6.517	82,238,956	NEGATE_ALL	100	2	2	61,343	4,506	4,506	9,860,854	0	73	100.00	2,188.38	1,347							.02	.20	.49	.78	98.51				
68	test02	60	1,000,000	1.29	6.517	82,238,956	NEGATE_ALL2	100	2	2	60,982	6,902	6,902	15,097,283	0	113	100.00	2,187.38	876							.10	.17	.48	96.29	2.96				
69	test02	60	1,000,000	1.29	6.517	82,238,956	ALL	100	3	3	60,017	1,082,819	169,305	88,111,719	0	18,042	15.64	81.37	6	.00	.01	14.55	84.12	1.20	.12									
70	test02	60	1,000,000	1.29	6.517	82,238,956	SOME	100	3	3	60,089	76,756	76,756	582,976,715	0	1,277	100.00	7,595.19	78		.03	.01	.01	.02	.84	90.39	8.73							
71	test02	60	1,000,000	1.29	6.517	82,238,956	NEGATE_ALL	100	3	3	61,358	4,585	4,585	11,425,470	0	75	100.00	2,491.92	1,323								.22	.46	.85	98.47				
72	test02	60	1,000,000	1.29	6.517	82,238,956	NEGATE_ALL2	100	3	3	60,911	6,559	6,559	16,222,765	0	108	100.00	2,473.36	922							.09	.21	.56	88.61	10.52				
73	test02	60	1,000,000	1.29	6.517	82,238,956	ALL	100	4	4	60,005	1,284,847	43,204	8,436,389	0	21,412	3.36	6.57	5	.00	.01	52.77	46.95	.26	.01									
74	test02	60	1,000,000	1.29	6.517	82,238,956	SOME	100	4	4	60,104	56,515	56,515	484,853,457	0	940	100.00	8,579.20	106	.00	.01	.01	.01	.01	.07	36.89	63.01							
75	test02	60	1,000,000	1.29	6.517	82,238,956	NEGATE_ALL	100	4	4	61,284	4,684	4,684	13,181,330	0	76	100.00	2,814.12	1,294								.21	.49	.85	98.44				
76	test02	60	1,000,000	1.29	6.517	82,238,956	NEGATE_ALL2	100	4	4	61,053	6,191	6,191	17,503,280	0	101	100.00	2,827.21	976							.08	.11	.55	65.72	33.53				
77	test02	60	1,000,000	1.29	6.517	82,238,956	ALL	100	6	6	60,006	1,218,517	730	7,945	0	20,307	.06	.01	5	.00	.00	33.74	66.15	.11	.00									
78	test02	60	1,000,000	1.29	6.517	82,238,956	SOME	100	6	6	60,183	39,027	39,027	371,312,993	0	648	100.00	9,514.26	154		.00	.00	.00	.02	.05	.14	98.79	1.00						
79	test02	60	1,000,000	1.29	6.517	82,238,956	NEGATE_ALL	100	6	6	61,242	4,888	4,888	17,071,921	0	80	100.00	3,492.62	1,240							.02	.18	.47	.90	98.42				
80	test02	60	1,000,000	1.29	6.517	82,238,956	NEGATE_ALL2	100	6	6	61,212	5,590	5,590	19,723,988	0	91	100.00	3,528.44	1,083							.11	.18	.48	7.62	91.61				
81	test02	60	1,000,000	1.29	6.517	82,238,956	ALL	100	10	10	60,007	966,352	0	0	0	16,104	.00	.00	6	.00	.00	.01	98.82	1.16										
82	test02	60	1,000,000	1.29	6.517	82,238,956	SOME	100	10	10	60,257	25,067	25,067	249,513,315	0	416	100.00	9,953.86	240			.01	.00	.01	.06	.08	2.03	97.81						
83	test02	60	1,000,000	1.29	6.517	82,238,956	NEGATE_ALL	100	10	10	61,136	5,343	5,343	25,817,858	0	87	100.00	4,832.09	1,133							.04	.17	.52	.84	98.43				
84	test02	60	1,000,000	1.29	6.517	82,238,956	NEGATE_ALL2	100	10	10	61,306	4,877	4,877	23,362,846	0	80	100.00	4,790.41	1,244							.12	.18	.45	.70	98.54				
85	test02	60	1,000,000	1.29	6.517	82,238,956	ALL	100	15	15	60,009	737,325	0	0	0	12,287	.00	.00	8	.00	.00	.01	94.34	5.54	.09	.01								
86	test02	60	1,000,000	1.29	6.517	82,238,956	SOME	100	15	15	60,374	18,182	18,182	181,784,777	0	301	100.00	9,998.06	331					.01	.04	.10	.18	99.68						
87	test02	60	1,000,000	1.29	6.517	82,238,956	NEGATE_ALL	100	15	15	61,007	5,988	5,988	37,549,915	0	98	100.00	6,270.86	1,010							.08	.18	.48	27.94	71.31				
88	test02	60	1,000,000	1.29	6.517	82,238,956	NEGATE_ALL2	100	15	15	61,607	4,306	4,306	26,900,830	0	70	100.00	6,247.29	1,410							.09	.16	.49	.84	98.42				
89	test03	100	50,000,000	1.05	18.3	11,409,167,710	ALL	1	1	5	60,170	428	403	2,420,516	0	7	94.16	5,655.41	141	.23	2.34	2.57	1.40	3.50	15.42	25.93	31.07	13.32	3.74	.47				
90	test03	100	50,000,000	1.05	18.3	11,409,167,710	SOME	1	1	5	61,680	77	77	770,000	0	1	100.00	10,000.00	801			1.30	1.30	1.30	6.49	5.19	10.39	9.09	29.87	32.47	2.60			
91	test03	100	50,000,000	1.05	18.3	11,409,167,710	NEGATE_ALL	1	1	5	30,029	0	0	0	1	0	NaN	NaN	NaN															
92	test03	100	50,000,000	1.05	18.3	11,409,167,710	NEGATE_ALL2	1	1	5	60,232	218	0	0	0	4	.00	.00	276									99.54	.46	21.43	7.14			
93	test03	100	50,000,000	1.05	18.3	11,409,167,710	ALL	10	1	5	60,194	3,062	2,879	17,975,132	0	51	94.02	5,870.39	196	.62	2.68	1.93	3.00	3.30	10.29	14.30	26.75	29.85	6.92	.36				
94	test03	100	50,000,000	1.05	18.3	11,409,167,710	SOME	10	1	5	61,217	680	680	6,750,070	0	11	100.00	9,926.57	888		.74	.29	.44	1.18	5.59	5.29	7.35	16.47	23.24	31.62	7.79			
95	test03	100	50,000,000	1.05	18.3	11,409,167,710	NEGATE_ALL	10	1	5	30,028	0	0	0	10	0	NaN	NaN	NaN															
96	test03	100	50,000,000	1.05	18.3	11,409,167,710	NEGATE_ALL2	10	1	5	60,234	1,359	0	0	3	23	.00	.00	310									98.60	1.40	1.99	1.00			
97	test03	100	50,000,000	1.05	18.3	11,409,167,710	ALL	20	1	5	60,788	3,327	3,139	19,982,532	0	55	94.35	6,006.17	362		.65			.06	.03	.57	15.39	67.21	14.91	1.83				
98	test03	100	50,000,000	1.05	18.3	11,409,167,710	SOME	20	1	5	62,890	697	697	6,950,028	0	11	100.00	9,971.35	1,739						.14	.72	1.45	1.15	15.06	49.35	34.29			
99	test03	100	50,000,000	1.05	18.3	11,409,167,710	NEGATE_ALL	20	1	5	60,064	0	0	0	20	0	NaN	NaN	NaN															
100	test03	100	50,000,000	1.05	18.3	11,409,167,710	NEGATE_ALL2	20	1	5	60,350	1,579	1	1	8	26	.06	.00	457									72.77	26.98	.25				
101	test03	100	50,000,000	1.05	18.3	11,409,167,710	ALL	20	1	1	60,494	2,904	2,904	28,690,490	0	48	100.00	9,879.65	414				.03	.03	.07	.76	17.18	55.48	20.90	5.54				
102	test03	100	50,000,000	1.05	18.3	11,409,167,710	SOME	20	1	1	60,682	2,817	2,817	27,960,294	0	46	100.00	9,925.56	427				.19		.14	.46	15.87	54.81	23.15	5.57				
103	test03	100	50,000,000	1.05	18.3	11,409,167,710	NEGATE_ALL	20	1	1	60,053	0	0	0	20	0	NaN	NaN	NaN															
104	test03	100	50,000,000	1.05	18.3	11,409,167,710	NEGATE_ALL2	20	1	1	60,486	1,610	0	0	3	27	.00	.00	636									15.03	79.69	5.28				
105	test03	100	50,000,000	1.05	18.3	11,409,167,710	ALL	20	2	2	60,852	3,178	3,155	28,720,195	0	52	99.28	9,037.19	380						.22	.41	16.33	63.44	15.92	3.68	1.36			
106	test03	100	50,000,000	1.05	18.3	11,409,167,710	SOME	20	2	2	62,505	933	933	9,330,000	0	15	100.00	10,000.00	1,310						.11	.21	.21	2.89	34.30	47.37	14.90			
107	test03	100	50,000,000	1.05	18.3	11,409,167,710	NEGATE_ALL	20	2	2	60,066	0	0	0	20	0	NaN	NaN	NaN															
108	test03	100	50,000,000	1.05	18.3	11,409,167,710	NEGATE_ALL2	20	2	2	60,455	1,627	0	0	4	27	.00	.00	592									30.18	67.30	2.52				
109	test03	100	50,000,000	1.05	18.3	11,409,167,710	ALL	20	3	3	60,512	3,579	3,490	22,267,015	0	59	97.51	6,221.57	336		.03				.03	.42	15.37	71.36	11.37	1.42	.74			
110	test03	100	50,000,000	1.05	18.3	11,409,167,710	SOME	20	3	3	62,598	653	653	6,530,000	0	10	100.00	10,000.00	1,868						.15	.15	.15	.31	6.89	51.61	40.74			
111	test03	100	50,000,000	1.05	18.3	11,409,167,710	NEGATE_ALL	20	3	3	60,064	0	0	0	20	0	NaN	NaN	NaN															
112	test03	100	50,000,000	1.05	18.3	11,409,167,710	NEGATE_ALL2	20	3	3	60,374	1,618	0	0	6	27	.00	.00	521									62.73	36.22	1.05				
113	test03	100	50,000,000	1.05	18.3	11,409,167,710	ALL	20	4	4	60,681	3,372	3,136	11,009,762	0	56	93.00	3,265.05	357			.48		.03	.48	.56	11.42	73.49	14.09	.39	.03			
114	test03	100	50,000,000	1.05	18.3	11,409,167,710	SOME	20	4	4	63,115	527	527	5,270,000	0	8	100.00	10,000.00	2,312							.19	.19	.95	1.52	33.40	63.76			
115	test03	100	50,000,000	1.05	18.3	11,409,167,710	NEGATE_ALL	20	4	4	60,059	0	0	0	20	0	NaN	NaN	NaN															
116	test03	100	50,000,000	1.05	18.3	11,409,167,710	NEGATE_ALL2	20	4	4	60,359	1,611	0	0	7	27	.00	.00	486									71.20	28.49	.31				
117	test03	100	50,000,000	1.05	18.3	11,409,167,710	ALL	20	6	6	60,748	3,097	1,815	1,176,374	2	51	58.61	379.84	361			.03	.03	.03	.84	7.62	23.47	54.28	11.79	1.19	.26	.29	.16	
118	test03	100	50,000,000	1.05	18.3	11,409,167,710	SOME	20	6	6	64,273	388	388	3,880,000	0	6	100.00	10,000.00	3,186										2.56	4.64	94.33	1.03		
119	test03	100	50,000,000	1.05	18.3	11,409,167,710	NEGATE_ALL	20	6	6	60,078	0	0	0	20	0	NaN	NaN	NaN															
120	test03	100	50,000,000	1.05	18.3	11,409,167,710	NEGATE_ALL2	20	6	6	60,501	1,638	0	0	5	27	.00	.00	552									43.28	55.25	1.47				
121	test03	100	50,000,000	1.05	18.3	11,409,167,710	ALL	20	10	10	60,196	41,537	1,378	34,644	0	690	3.32	.83	29				.88	30.87	60.22	6.44	1.30	.29	.12	.00				
122	test03	100	50,000,000	1.05	18.3	11,409,167,710	SOME	20	10	10	64,649	261	261	2,610,000	0	4	100.00	10,000.00	4,766											1.53	54.02	44.44		
123	test03	100	50,000,000	1.05	18.3	11,409,167,710	NEGATE_ALL	20	10	10	60,069	0	0	0	20	0	NaN	NaN	NaN															100.00
124	test03	100	50,000,000	1.05	18.3	11,409,167,710	NEGATE_ALL2	20	10	10	60,403	1,581	1	1	7	26	.06	.00	495									67.17	31.75	.95	.06	.06		
125	test03	100	50,000,000	1.05	18.3	11,409,167,710	ALL	20	15	15	60,042	72,565	2	2	0	1,209	.00	.00	17			.02	9.49	67.15	22.65	.67	.02							
126	test03	100	50,000,000	1.05	18.3	11,409,167,710	SOME	20	15	15	66,443	203	203	2,030,000	0	3	100.00	10,000.00	6,258												7.39	92.61		
127	test03	100	50,000,000	1.05	18.3	11,409,167,710	NEGATE_ALL	20	15	15	89,448	4	0	0	19	0	.00	.00	36,247															100.00
128	test03	100	50,000,000	1.05	18.3	11,409,167,710	NEGATE_ALL2	20	15	15	60,778	1,391	26	31	0	23	1.87	.02	868									.50	86.77	10.93	1.44	.22	.14	
129	test04	100	50,000,000	1.25	4.2	5,585,505,119	ALL	1	1	5	60,369	5,224	1,625	5,582,703	0	87	31.11	1,068.66	12	29.38	53.29	6.64	2.24	1.86	2.70	1.30	.98	.88	.73					
130	test04	100	50,000,000	1.25	4.2	5,585,505,119	SOME	1	1	5	60,091	308	308	2,361,512	0	5	100.00	7,667.25	195	4.87	19.81	10.39	3.57	5.52	15.26	8.12	6.82	9.74	11.36	4.55				
131	test04	100	50,000,000	1.25	4.2	5,585,505,119	NEGATE_ALL	1	1	5	65,675	10	10	100,000	0	0	100.00	10,000.00	6,568													100.00		
132	test04	100	50,000,000	1.25	4.2	5,585,505,119	NEGATE_ALL2	1	1	5	64,531	16	16	160,000	0	0	100.00	10,000.00	4,033												87.50	6.25	6.25	
133	test04	100	50,000,000	1.25	4.2	5,585,505,119	ALL	10	1	5	60,177	41,853	12,641	45,161,973	0	695	30.20	1,079.06	14	38.11	46.87	4.56	1.83	1.71	2.48	1.24	1.13	1.27	.71	.09				
134	test04	100	50,000,000	1.25	4.2	5,585,505,119	SOME	10	1	5	60,454	2,639	2,639	20,054,724	0	44	100.00	7,599.37	228	3.49	21.60	9.17	5.57	6.59	11.63	8.03	6.86	10.61	9.28	6.67	.49			
135	test04	100	50,000,000	1.25	4.2	5,585,505,119	NEGATE_ALL	10	1	5	65,958	84	84	840,000	0	1	100.00	10,000.00	7,525													100.00		
136	test04	100	50,000,000	1.25	4.2	5,585,505,119	NEGATE_ALL2	10	1	5	70,972	141	141	1,410,000	0	2	100.00	10,000.00	4,483												89.36	7.80	1.42	1.42
137	test04	100	50,000,000	1.25	4.2	5,585,505,119	ALL	20	1	5	60,593	42,903	13,035	47,047,572	0	708	30.38	1,096.60	28	.01	.35	23.29	29.25	18.45	18.60	5.90	2.02	1.32	.69	.12				
138	test04	100	50,000,000	1.25	4.2	5,585,505,119	SOME	20	1	5	61,084	2,665	2,665	19,851,987	0	44	100.00	7,449.15	453		.15	.11	.04	.04	.90	7.84	21.73	41.95	16.02	9.94	1.28			
139	test04	100	50,000,000	1.25	4.2	5,585,505,119	NEGATE_ALL	20	1	5	74,293	94	94	940,000	0	1	100.00	10,000.00	14,150													10.64	89.36	
140	test04	100	50,000,000	1.25	4.2	5,585,505,119	NEGATE_ALL2	20	1	5	67,268	150	150	1,500,000	0	2	100.00	10,000.00	8,502												5.33	84.67	10.00	
141	test04	100	50,000,000	1.25	4.2	5,585,505,119	ALL	100	1	5	60,566	43,637	13,266	46,493,798	0	720	30.40	1,065.47	138	.01	.07	.08	.03	.05	7.15	36.38	39.40	15.60	1.04	.20				
142	test04	100	50,000,000	1.25	4.2	5,585,505,119	SOME	100	1	5	63,148	2,709	2,709	20,360,780	0	43	100.00	7,515.98	2,263		.15	.04	.07	.07	.18	.22	.26	.44	1.14	30.05	67.37			
143	test04	100	50,000,000	1.25	4.2	5,585,505,119	NEGATE_ALL	100	1	5	134,461	175	175	1,750,000	0	1	100.00	10,000.00	55,608													5.71	5.71	88.57
144	test04	100	50,000,000	1.25	4.2	5,585,505,119	NEGATE_ALL2	100	1	5	112,936	233	233	2,330,000	0	2	100.00	10,000.00	34,755												4.29	4.29	11.16	80.26
145	test04	100	50,000,000	1.25	4.2	5,585,505,119	ALL	100	1	1	60,846	11,068	11,068	47,771,175	0	182	100.00	4,316.15	545	.01	.08	.26	.10	.05	.14	.18	.95	43.18	50.62	4.41	.02			
146	test04	100	50,000,000	1.25	4.2	5,585,505,119	SOME	100	1	1	61,024	11,440	11,440	48,635,790	0	187	100.00	4,251.38	526	.14	.09	.02	.14	.53	.33	.03	2.22	47.75	46.02	3.54				
147	test04	100	50,000,000	1.25	4.2	5,585,505,119	NEGATE_ALL	100	1	1	134,813	172	172	1,720,000	0	1	100.00	10,000.00	56,747													5.81	5.81	88.37
148	test04	100	50,000,000	1.25	4.2	5,585,505,119	NEGATE_ALL2	100	1	1	102,430	244	244	2,440,000	0	2	100.00	10,000.00	33,567												4.10	3.69	9.43	82.79
149	test04	100	50,000,000	1.25	4.2	5,585,505,119	ALL	100	2	2	60,612	43,675	17,435	39,965,787	0	721	39.92	915.07	138	.01	.05	.07	.02	.10	4.89	32.63	46.76	14.59	.71	.16				
150	test04	100	50,000,000	1.25	4.2	5,585,505,119	SOME	100	2	2	62,258	4,350	4,350	29,744,460	0	70	100.00	6,837.81	1,398		.14	.05	.02	.09	.21	.18	.21	.90	10.34	79.56	8.30			
151	test04	100	50,000,000	1.25	4.2	5,585,505,119	NEGATE_ALL	100	2	2	134,235	174	174	1,740,000	0	1	100.00	10,000.00	56,181													5.75	5.75	88.51
152	test04	100	50,000,000	1.25	4.2	5,585,505,119	NEGATE_ALL2	100	2	2	111,476	237	237	2,370,000	0	2	100.00	10,000.00	34,803												4.22	3.80	8.86	83.12
153	test04	100	50,000,000	1.25	4.2	5,585,505,119	ALL	100	3	3	60,769	189,263	18,702	23,679,973	0	3,114	9.88	125.12	32	.00	.01	.05	.67	29.06	57.56	11.26	1.03	.28	.07	.01				
154	test04	100	50,000,000	1.25	4.2	5,585,505,119	SOME	100	3	3	63,708	2,705	2,705	22,438,448	0	42	100.00	8,295.18	2,268		.07	.04	.07	.04	.07	.07	.22	.44	1.07	26.58	71.31	.39		
155	test04	100	50,000,000	1.25	4.2	5,585,505,119	NEGATE_ALL	100	3	3	134,550	176	176	1,760,000	0	1	100.00	10,000.00	55,855													5.68	5.68	88.64
156	test04	100	50,000,000	1.25	4.2	5,585,505,119	NEGATE_ALL2	100	3	3	121,786	236	236	2,360,000	0	2	100.00	10,000.00	35,488												3.39	3.81	8.90	83.90
157	test04	100	50,000,000	1.25	4.2	5,585,505,119	ALL	100	4	4	60,107	389,078	7,231	4,785,917	0	6,473	1.86	12.30	15	.00	.01	.06	26.69	57.06	14.24	1.45	.32	.15	.01	.00				
158	test04	100	50,000,000	1.25	4.2	5,585,505,119	SOME	100	4	4	63,785	2,038	2,038	18,401,558	0	32	100.00	9,029.22	3,011			.05	.05	.05	.20	.15	.29	.54	.93	2.99	93.96	.79		
159	test04	100	50,000,000	1.25	4.2	5,585,505,119	NEGATE_ALL	100	4	4	134,360	177	177	1,770,000	0	1	100.00	10,000.00	55,335													5.65	6.21	88.14
160	test04	100	50,000,000	1.25	4.2	5,585,505,119	NEGATE_ALL2	100	4	4	104,164	219	219	2,190,000	0	2	100.00	10,000.00	37,413												3.65	4.57	9.13	82.65
161	test04	100	50,000,000	1.25	4.2	5,585,505,119	ALL	100	6	6	60,056	871,734	285	57,893	0	14,515	.03	.07	7	.00	.00	.02	97.74	2.20	.02	.01	.01	.00	.00					
162	test04	100	50,000,000	1.25	4.2	5,585,505,119	SOME	100	6	6	65,442	1,276	1,276	12,404,532	0	19	100.00	9,721.42	4,899				.35		.35	.08	.16	.39	.63	1.25	51.18	46.32		
163	test04	100	50,000,000	1.25	4.2	5,585,505,119	NEGATE_ALL	100	6	6	133,515	179	179	1,790,000	0	1	100.00	10,000.00	54,135													5.59	6.15	88.27
164	test04	100	50,000,000	1.25	4.2	5,585,505,119	NEGATE_ALL2	100	6	6	115,399	214	214	2,140,000	0	2	100.00	10,000.00	39,212												4.21	3.74	10.75	81.31
165	test04	100	50,000,000	1.25	4.2	5,585,505,119	ALL	100	10	10	60,008	648,346	0	0	0	10,804	.00	.00	9	.00	.00	.01	64.44	35.55	.00									
166	test04	100	50,000,000	1.25	4.2	5,585,505,119	SOME	100	10	10	69,606	876	876	8,735,992	0	13	100.00	9,972.59	7,358						.44	.23	.34	.34	1.14	1.26	5.14	90.30	1.26	
167	test04	100	50,000,000	1.25	4.2	5,585,505,119	NEGATE_ALL	100	10	10	127,318	182	182	1,820,000	0	1	100.00	10,000.00	51,708												.55	4.95	7.69	86.81
168	test04	100	50,000,000	1.25	4.2	5,585,505,119	NEGATE_ALL2	100	10	10	122,803	202	202	2,020,000	0	2	100.00	10,000.00	44,120												1.98	3.47	10.89	83.66
169	test04	100	50,000,000	1.25	4.2	5,585,505,119	ALL	100	15	15	60,013	477,557	0	0	0	7,958	.00	.00	13		.00	.01	.02	99.39	.58									
170	test04	100	50,000,000	1.25	4.2	5,585,505,119	SOME	100	15	15	71,307	622	622	6,220,000	0	9	100.00	10,000.00	10,537						.16			.32	.48	.80	4.82	11.41	81.99	
171	test04	100	50,000,000	1.25	4.2	5,585,505,119	NEGATE_ALL	100	15	15	124,250	188	188	1,880,000	0	2	100.00	10,000.00	48,947												1.06	4.26	9.04	85.64
172	test04	100	50,000,000	1.25	4.2	5,585,505,119	NEGATE_ALL2	100	15	15	136,671	181	181	1,810,000	0	1	100.00	10,000.00	50,747												2.76	3.87	8.29	85.08
173	test05	100	50,000,000	2	1.84	4,247,492,638	ALL	1	1	5	60,042	13,733	3,094	4,406,672	0	229	22.53	320.88	4	41.25	51.37	4.86	.41	.39	.50	.25	.27	.53	.17					
174	test05	100	50,000,000	2	1.84	4,247,492,638	SOME	1	1	5	60,052	951	951	3,552,432	0	16	100.00	3,735.47	63	12.51	51.00	8.10	2.84	4.52	5.15	2.63	3.79	5.89	2.94	.63				
175	test05	100	50,000,000	2	1.84	4,247,492,638	NEGATE_ALL	1	1	5	60,634	31	31	310,000	0	1	100.00	10,000.00	1,956											25.81	74.19			
176	test05	100	50,000,000	2	1.84	4,247,492,638	NEGATE_ALL2	1	1	5	62,655	3	3	30,000	0	0	100.00	10,000.00	20,885														33.33	66.67
177	test05	100	50,000,000	2	1.84	4,247,492,638	ALL	10	1	5	60,477	127,172	28,383	38,002,004	0	2,103	22.32	298.82	5	51.87	44.72	1.11	.33	.35	.56	.23	.21	.33	.22	.08				
178	test05	100	50,000,000	2	1.84	4,247,492,638	SOME	10	1	5	61,198	7,159	7,159	25,460,962	0	117	100.00	3,556.50	85	11.57	53.33	7.05	3.28	3.55	6.02	2.84	2.65	3.45	3.17	3.02	.07			
179	test05	100	50,000,000	2	1.84	4,247,492,638	NEGATE_ALL	10	1	5	61,907	266	266	2,660,000	0	4	100.00	10,000.00	2,294											8.65	91.35			
180	test05	100	50,000,000	2	1.84	4,247,492,638	NEGATE_ALL2	10	1	5	74,312	30	30	300,000	0	0	100.00	10,000.00	22,727															100.00
181	test05	100	50,000,000	2	1.84	4,247,492,638	ALL	20	1	5	60,712	123,937	27,393	37,581,794	0	2,041	22.10	303.23	10	.02	6.04	73.36	10.55	4.02	3.76	1.06	.54	.32	.23	.09				
182	test05	100	50,000,000	2	1.84	4,247,492,638	SOME	20	1	5	60,917	7,486	7,486	27,199,289	0	123	100.00	3,633.35	161	.08	.11	1.04	4.54	7.57	22.27	24.91	21.56	11.01	3.57	3.23	.19			
183	test05	100	50,000,000	2	1.84	4,247,492,638	NEGATE_ALL	20	1	5	64,372	277	277	2,770,000	0	4	100.00	10,000.00	4,490											.36	92.06	7.58		
184	test05	100	50,000,000	2	1.84	4,247,492,638	NEGATE_ALL2	20	1	5	101,917	38	38	380,000	2	0	100.00	10,000.00	39,760															100.00
185	test05	100	50,000,000	2	1.84	4,247,492,638	ALL	100	1	5	60,659	128,723	28,750	40,031,252	0	2,122	22.34	310.99	47	.01	.05	.18	.55	22.70	48.21	20.65	6.40	.93	.21	.12				
186	test05	100	50,000,000	2	1.84	4,247,492,638	SOME	100	1	5	61,641	8,108	8,108	28,788,929	0	132	100.00	3,550.68	743	.01	.20	.12	.05	.04	.21	.07	.62	23.90	58.37	15.16	1.25			
187	test05	100	50,000,000	2	1.84	4,247,492,638	NEGATE_ALL	100	1	5	82,438	356	356	3,560,000	0	4	100.00	10,000.00	20,017											.56	4.49	5.90	12.08	76.97
188	test05	100	50,000,000	2	1.84	4,247,492,638	NEGATE_ALL2	100	1	5	286,506	116	116	1,160,000	3	0	100.00	10,000.00	144,948															100.00
189	test05	100	50,000,000	2	1.84	4,247,492,638	ALL	100	1	1	60,846	29,773	29,773	41,437,812	0	489	100.00	1,391.79	202		.06	.27	.16	.07	3.18	17.04	39.74	35.98	2.63	.86				
190	test05	100	50,000,000	2	1.84	4,247,492,638	SOME	100	1	1	60,455	27,543	27,543	39,646,019	0	456	100.00	1,439.42	218	.00	.21	.14	.13	.18	2.11	14.38	38.66	40.35	2.88	.96				
191	test05	100	50,000,000	2	1.84	4,247,492,638	NEGATE_ALL	100	1	1	83,322	353	353	3,530,000	0	4	100.00	10,000.00	20,377												5.38	5.10	12.75	76.77
192	test05	100	50,000,000	2	1.84	4,247,492,638	NEGATE_ALL2	100	1	1	287,448	118	118	1,180,000	2	0	100.00	10,000.00	147,252															100.00
193	test05	100	50,000,000	2	1.84	4,247,492,638	ALL	100	2	2	60,646	317,488	33,242	32,657,840	0	5,235	10.47	102.86	19	.00	.00	.09	17.04	55.64	24.06	2.52	.41	.17	.06	.02				
194	test05	100	50,000,000	2	1.84	4,247,492,638	SOME	100	2	2	61,145	13,619	13,619	36,306,994	0	223	100.00	2,665.91	442	.04	.26	.12	.04	.07	.32	.28	8.90	60.64	26.51	2.70	.17			
195	test05	100	50,000,000	2	1.84	4,247,492,638	NEGATE_ALL	100	2	2	82,761	355	355	3,550,000	0	4	100.00	10,000.00	20,100											.71	5.35	5.92	11.55	77.18
196	test05	100	50,000,000	2	1.84	4,247,492,638	NEGATE_ALL2	100	2	2	288,599	112	112	1,120,000	7	0	100.00	10,000.00	145,851															100.00
197	test05	100	50,000,000	2	1.84	4,247,492,638	ALL	100	3	3	60,005	1,097,065	5,981	4,473,863	0	18,283	.55	4.08	5	.00	.00	31.96	66.09	1.86	.05	.02	.01	.01	.00	.00				
198	test05	100	50,000,000	2	1.84	4,247,492,638	SOME	100	3	3	61,923	7,755	7,755	28,865,628	0	125	100.00	3,722.20	782	.03	.14	.10	.13	.05	.06	.10	.44	18.71	60.53	18.30	1.41			
199	test05	100	50,000,000	2	1.84	4,247,492,638	NEGATE_ALL	100	3	3	82,990	361	361	3,610,000	0	4	100.00	10,000.00	19,864											.55	4.43	6.65	11.91	76.45
200	test05	100	50,000,000	2	1.84	4,247,492,638	NEGATE_ALL2	100	3	3	282,247	118	118	1,180,000	2	0	100.00	10,000.00	142,375															100.00
201	test05	100	50,000,000	2	1.84	4,247,492,638	ALL	100	4	4	60,005	1,161,843	234	127,124	0	19,362	.02	.11	5	.00	.01	44.85	54.13	.89	.10	.01	.00	.00						
202	test05	100	50,000,000	2	1.84	4,247,492,638	SOME	100	4	4	62,548	5,985	5,985	27,793,816	0	96	100.00	4,643.91	1,014	.26	.28	.22	.18	.20	.20	.27	.27	5.70	45.55	44.01	3.12			
203	test05	100	50,000,000	2	1.84	4,247,492,638	NEGATE_ALL	100	4	4	82,770	361	361	3,610,000	0	4	100.00	10,000.00	19,858											.71	5.26	5.54	11.91	77.29
204	test05	100	50,000,000	2	1.84	4,247,492,638	NEGATE_ALL2	100	4	4	282,977	119	119	1,190,000	1	0	100.00	10,000.00	141,124															100.00
205	test05	100	50,000,000	2	1.84	4,247,492,638	ALL	100	6	6	60,005	1,065,851	0	0	0	17,763	.00	.00	6	.00	.00	13.34	85.51	1.14	.00									
206	test05	100	50,000,000	2	1.84	4,247,492,638	SOME	100	6	6	61,961	3,510	3,510	21,231,472	0	57	100.00	6,048.85	1,729		.09	.17	.09		.03	.09	.03	.03	3.33	72.51	23.65			
207	test05	100	50,000,000	2	1.84	4,247,492,638	NEGATE_ALL	100	6	6	82,014	368	368	3,680,000	0	4	100.00	10,000.00	19,355											.71	5.16	5.71	12.23	76.90
208	test05	100	50,000,000	2	1.84	4,247,492,638	NEGATE_ALL2	100	6	6	291,419	108	108	1,080,000	11	0	100.00	10,000.00	138,154														2.78	97.22
209	test05	100	50,000,000	2	1.84	4,247,492,638	ALL	100	10	10	60,007	879,233	0	0	0	14,652	.00	.00	7	.00	.00	.02	97.49	2.48	.00									
210	test05	100	50,000,000	2	1.84	4,247,492,638	SOME	100	10	10	64,572	1,937	1,937	15,736,003	0	30	100.00	8,123.90	3,205		.05	.10	.10	.10	.36	.05	.05	1.14	.46	2.58	91.79	3.20		
211	test05	100	50,000,000	2	1.84	4,247,492,638	NEGATE_ALL	100	10	10	81,670	382	382	3,820,000	0	5	100.00	10,000.00	18,596											1.05	4.19	6.02	13.09	75.65
212	test05	100	50,000,000	2	1.84	4,247,492,638	NEGATE_ALL2	100	10	10	283,734	110	110	1,100,000	11	0	100.00	10,000.00	139,398														4.55	95.45
213	test05	100	50,000,000	2	1.84	4,247,492,638	ALL	100	15	15	60,009	718,967	0	0	0	11,981	.00	.00	8		.00	.02	80.83	19.15	.00									
214	test05	100	50,000,000	2	1.84	4,247,492,638	SOME	100	15	15	63,700	1,355	1,355	12,320,178	0	21	100.00	9,092.38	4,533		.15		.15	.07	.15		.15	.74	.96	1.99	63.25	32.40		
215	test05	100	50,000,000	2	1.84	4,247,492,638	NEGATE_ALL	100	15	15	79,739	386	386	3,860,000	0	5	100.00	10,000.00	18,141											1.55	4.15	5.70	25.65	62.95
216	test05	100	50,000,000	2	1.84	4,247,492,638	NEGATE_ALL2	100	15	15	279,496	106	106	1,060,000	14	0	100.00	10,000.00	133,551														3.77	96.23
217	test06	100	50,000	2	1.85	4,918,393	ALL	1	1	5	60,001	57,497	12,681	5,176,890	0	958	22.06	90.04	1	29.96	39.76	30.06	.21	.00										
218	test06	100	50,000	2	1.85	4,918,393	SOME	1	1	5	60,002	28,338	28,338	35,755,038	0	472	100.00	1,261.74	2	8.23	27.74	59.73	3.55	.76										
219	test06	100	50,000	2	1.85	4,918,393	NEGATE_ALL	1	1	5	60,004	5,970	3,829	2,278,983	0	99	64.14	381.74	10	65.28	34.72	18.56	31.27	49.65	.52									
220	test06	100	50,000	2	1.85	4,918,393	NEGATE_ALL2	1	1	5	60,005	8,141	5,235	3,184,411	0	136	64.30	391.16	7	23.02	74.60	56.06	28.04	8.14	7.15	.60								
221	test06	100	50,000	2	1.85	4,918,393	ALL	10	1	5	60,000	1,453,471	318,609	126,393,022	0	24,225	21.92	86.96	0	59.77	39.30	.92	.00	.00	.00									
222	test06	100	50,000	2	1.85	4,918,393	SOME	10	1	5	60,000	808,111	808,111	985,816,740	0	13,469	100.00	1,219.90	1	33.47	60.21	6.31	.01											
223	test06	100	50,000	2	1.85	4,918,393	NEGATE_ALL	10	1	5	60,003	137,254	87,897	51,143,555	0	2,287	64.04	372.62	4	52.32	46.59	65.61	34.32	.06	.01									
224	test06	100	50,000	2	1.85	4,918,393	NEGATE_ALL2	10	1	5	60,025	80,993	52,037	30,259,677	0	1,349	64.25	373.61	7	49.95	48.37	38.11	48.45	6.19	7.11	.13								
225	test06	100	50,000	2	1.85	4,918,393	ALL	20	1	5	60,000	1,626,643	356,126	141,832,391	0	27,111	21.89	87.19	1	29.66	67.47	2.83	.04	.00										
226	test06	100	50,000	2	1.85	4,918,393	SOME	20	1	5	60,002	909,937	909,937	1,107,123,986	0	15,165	100.00	1,216.70	1	2.41	70.55	26.80	.24	.00										
227	test06	100	50,000	2	1.85	4,918,393	NEGATE_ALL	20	1	5	60,014	142,454	91,287	52,983,401	0	2,374	64.08	371.93	8	56.91	42.15	.00	83.24	16.76										
228	test06	100	50,000	2	1.85	4,918,393	NEGATE_ALL2	20	1	5	60,021	83,154	53,315	30,213,163	0	1,385	64.12	363.34	14	54.58	44.23	1.14	10.79	78.30	9.43	1.47								
229	test06	100	50,000	2	1.85	4,918,393	ALL	100	1	5	60,004	1,610,743	354,127	139,671,226	0	26,844	21.99	86.71	4	.00	.00	90.00	9.99	.00										
230	test06	100	50,000	2	1.85	4,918,393	SOME	100	1	5	60,008	896,550	896,550	1,096,630,739	0	14,941	100.00	1,223.17	7	.00	.00	.01	98.75	1.24	.00									
231	test06	100	50,000	2	1.85	4,918,393	NEGATE_ALL	100	1	5	60,039	142,320	91,100	52,953,652	0	2,370	64.01	372.08	42	60.21	39.55	.00	.02	.03	99.52	.43								
232	test06	100	50,000	2	1.85	4,918,393	NEGATE_ALL2	100	1	5	60,078	82,709	52,947	30,521,217	0	1,377	64.02	369.02	73	49.08	50.00	.00	.01	.02	.08	96.68	3.21							
233	test06	100	50,000	2	1.85	4,918,393	ALL	200	1	1	60,012	1,166,731	1,166,731	493,557,749	0	19,442	100.00	423.03	10	.00	.00	.02	16.49	83.49	.00									
234	test06	100	50,000	2	1.85	4,918,393	SOME	200	1	1	60,011	1,168,329	1,168,329	497,304,674	0	19,469	100.00	425.66	10	.00	.00	.02	17.48	82.50	.00									
235	test06	100	50,000	2	1.85	4,918,393	NEGATE_ALL	200	1	1	60,083	141,048	45,325	17,633,374	0	2,348	32.13	125.02	85	55.54	43.78	.00	.02	.02	.07	99.88								
236	test06	100	50,000	2	1.85	4,918,393	NEGATE_ALL2	200	1	1	60,136	104,192	33,419	12,973,144	0	1,733	32.07	124.51	115	49.24	49.66	1.10	.02	.03	.08	.14	99.74							
237	test06	100	50,000	2	1.85	4,918,393	ALL	200	2	2	60,007	1,852,653	175,103	17,376,139	0	30,874	9.45	9.38	6	.00	.01	.01	99.67	.31	.00									
238	test06	100	50,000	2	1.85	4,918,393	SOME	200	2	2	60,018	965,540	965,540	811,512,309	0	16,088	100.00	840.48	12	.00	.00	.01	.03	99.88	.07									
239	test06	100	50,000	2	1.85	4,918,393	NEGATE_ALL	200	2	2	60,083	141,655	76,207	35,398,429	0	2,358	53.80	249.89	85	55.03	43.70	.00	.02	.03	.09	99.85								
240	test06	100	50,000	2	1.85	4,918,393	NEGATE_ALL2	200	2	2	60,148	91,852	49,478	23,135,684	0	1,527	53.87	251.88	131	48.55	50.43	.00	.01	.03	.08	.13	99.75							
241	test06	100	50,000	2	1.85	4,918,393	ALL	200	3	3	60,007	1,849,383	7,321	166,367	0	30,819	.40	.09	6	.00	.00	.02	99.73	.25	.00									
242	test06	100	50,000	2	1.85	4,918,393	SOME	200	3	3	60,017	872,569	872,569	1,082,034,476	0	14,539	100.00	1,240.06	14	.00	.00	.01	.03	99.67	.28									
243	test06	100	50,000	2	1.85	4,918,393	NEGATE_ALL	200	3	3	60,082	142,212	98,337	52,073,920	0	2,367	69.15	366.17	84			.00	.02	.02	.09	99.72	.14							
244	test06	100	50,000	2	1.85	4,918,393	NEGATE_ALL2	200	3	3	60,167	82,062	56,973	30,977,145	0	1,364	69.43	377.49	146			.00	.02	.03	.04	.12	99.64	.14						
245	test06	100	50,000	2	1.85	4,918,393	ALL	200	4	4	60,008	1,789,567	142	392	0	29,822	.01	.00	7	.00	.01	.02	99.60	.37	.00									
246	test06	100	50,000	2	1.85	4,918,393	SOME	200	4	4	60,016	809,239	809,239	1,311,361,162	0	13,484	100.00	1,620.49	15	.00	.00	.01	.01	98.99	.97									
247	test06	100	50,000	2	1.85	4,918,393	NEGATE_ALL	200	4	4	60,083	143,102	113,014	70,764,865	0	2,382	78.97	494.51	84				.01	.03	.09	99.87								
248	test06	100	50,000	2	1.85	4,918,393	NEGATE_ALL2	200	4	4	60,168	74,236	58,883	37,224,122	0	1,234	79.32	501.43	162			.00	.01	.03	.05	.13	97.91	1.88						
249	test06	100	50,000	2	1.85	4,918,393	ALL	200	6	6	60,009	1,680,123	0	0	0	27,998	.00	.00	7	.00	.01	.02	98.63	1.35	.00									
250	test06	100	50,000	2	1.85	4,918,393	SOME	200	6	6	60,021	712,484	712,484	1,670,642,045	0	11,871	100.00	2,344.81	17	.00	.00	.02	.01	95.11	4.85									
251	test06	100	50,000	2	1.85	4,918,393	NEGATE_ALL	200	6	6	60,081	144,745	131,469	106,103,061	0	2,409	90.83	733.03	83			.00	.02	.03	.10	99.85								
252	test06	100	50,000	2	1.85	4,918,393	NEGATE_ALL2	200	6	6	60,213	63,181	57,389	46,672,720	0	1,049	90.83	738.71	190			.00	.01	.03	.04	.09	73.97	25.86						
253	test06	100	50,000	2	1.85	4,918,393	ALL	200	10	10	60,009	1,534,384	0	0	0	25,569	.00	.00	8	.00	.00	.01	96.29	3.69	.00									
254	test06	100	50,000	2	1.85	4,918,393	SOME	200	10	10	60,022	582,479	582,479	2,140,662,861	0	9,704	100.00	3,675.09	21		.00	.01	.03	23.75	76.21									
255	test06	100	50,000	2	1.85	4,918,393	NEGATE_ALL	200	10	10	60,080	149,079	146,534	182,935,116	0	2,481	98.29	1,227.10	81			.00	.02	.03	.07	99.88								
256	test06	100	50,000	2	1.85	4,918,393	NEGATE_ALL2	200	10	10	60,249	50,387	49,520	60,460,589	0	836	98.28	1,199.92	238			.01	.01	.01	.05	.14	.93	98.84						
257	test06	100	50,000	2	1.85	4,918,393	ALL	200	15	15	60,012	1,394,811	0	0	0	23,242	.00	.00	9	.00	.01	.01	87.07	12.92	.00									
258	test06	100	50,000	2	1.85	4,918,393	SOME	200	15	15	60,026	476,606	476,606	2,416,251,338	0	7,940	100.00	5,069.70	25		.00	.02	.02	.05	99.91									
259	test06	100	50,000	2	1.85	4,918,393	NEGATE_ALL	200	15	15	60,075	155,473	155,218	284,310,596	0	2,588	99.84	1,828.68	77			.00	.01	.02	.06	99.80	.09							
260	test06	100	50,000	2	1.85	4,918,393	NEGATE_ALL2	200	15	15	60,293	41,216	41,147	75,337,546	0	684	99.83	1,827.87	292				.00	.02	.08	.07	.17	99.66						
261	test07	5	100	2	39.4	8,945	ALL	1	1	5	60,000	60,223	38,415	671,915	0	1,004	63.79	11.16	1	29.96	40.87	29.14	.03											
262	test07	5	100	2	39.4	8,945	SOME	1	1	5	60,001	38,510	38,510	2,921,004	0	642	100.00	75.85	2	12.22	24.11	63.59	.08											
263	test07	5	100	2	39.4	8,945	NEGATE_ALL	1	1	5	60,002	45,315	40,704	1,973,386	0	755	89.83	43.55	1	17.93	33.04	48.97	.06			.00								
264	test07	5	100	2	39.4	8,945	NEGATE_ALL2	1	1	5	60,000	48,669	43,699	2,124,288	0	811	89.79	43.65	1	22.08	33.70	44.17	.06											
265	test07	5	100	2	39.4	8,945	ALL	10	1	5	60,000	1,670,130	1,068,735	18,811,847	0	27,836	63.99	11.26	0	64.62	34.89	.48	.00	.00										
266	test07	5	100	2	39.4	8,945	SOME	10	1	5	60,000	1,359,613	1,359,613	103,897,404	0	22,660	100.00	76.42	0	56.62	42.71	.66	.00	.00	.00									
267	test07	5	100	2	39.4	8,945	NEGATE_ALL	10	1	5	60,000	1,531,299	1,378,482	66,804,283	0	25,522	90.02	43.63	0	61.39	38.10	.51	.00	.00										
268	test07	5	100	2	39.4	8,945	NEGATE_ALL2	10	1	5	60,000	1,527,149	1,374,740	66,725,952	0	25,452	90.02	43.69	0	61.27	38.22	.51	.00	.00										
269	test07	5	100	2	39.4	8,945	ALL	10	1	1	60,000	1,456,431	1,456,431	57,382,311	0	24,274	100.00	39.40	0	59.41	40.04	.55	.00	.00										
270	test07	5	100	2	39.4	8,945	SOME	10	1	1	60,000	1,459,054	1,459,054	57,478,755	0	24,318	100.00	39.40	0	59.48	39.97	.55	.00	.00										
271	test07	5	100	2	39.4	8,945	NEGATE_ALL	10	1	1	60,000	1,688,080	1,013,644	10,828,750	0	28,135	60.05	6.42	0	64.99	34.53	.48	.00	.00										
272	test07	5	100	2	39.4	8,945	NEGATE_ALL2	10	1	1	60,000	1,672,787	1,003,703	10,720,721	0	27,880	60.00	6.41	0	64.67	34.84	.49	.00	.00										
273	test07	5	100	2	39.4	8,945	ALL	10	2	2	60,000	1,522,724	1,522,724	19,662,187	0	25,379	100.00	12.91	0	61.28	38.14	.58	.00	.00										
274	test07	5	100	2	39.4	8,945	SOME	10	2	2	60,000	1,357,840	1,357,840	89,432,566	0	22,631	100.00	65.86	0	56.62	42.66	.72	.00	.00	.00									
275	test07	5	100	2	39.4	8,945	NEGATE_ALL	10	2	2	60,000	1,537,103	1,384,102	26,119,360	0	25,618	90.05	16.99	0	61.64	37.77	.58	.00	.00										
276	test07	5	100	2	39.4	8,945	NEGATE_ALL2	10	2	2	60,000	1,553,007	1,397,138	26,376,047	0	25,883	89.96	16.98	0	61.92	37.58	.49	.00	.00										
277	test07	5	100	2	39.4	8,945	ALL	10	3	3	60,000	1,724,251	1,379,509	6,034,831	0	28,738	80.01	3.50	0	65.72	33.82	.46	.00	.00										
278	test07	5	100	2	39.4	8,945	SOME	10	3	3	60,000	1,350,964	1,350,964	112,152,418	0	22,516	100.00	83.02	0	56.32	43.02	.65	.01	.00										
279	test07	5	100	2	39.4	8,945	NEGATE_ALL	10	3	3	60,000	1,483,568	1,483,568	50,546,469	0	24,726	100.00	34.07	0	60.20	39.24	.56	.00	.00										
280	test07	5	100	2	39.4	8,945	NEGATE_ALL2	10	3	3	60,000	1,481,220	1,481,220	50,471,712	0	24,687	100.00	34.07	0	60.07	39.40	.53	.00	.00										
281	test07	5	100	2	39.4	8,945	ALL	10	4	4	60,000	1,853,461	741,350	1,112,043	0	30,891	40.00	.60	0	68.13	31.43	.44	.00	.00										
282	test07	5	100	2	39.4	8,945	SOME	10	4	4	60,000	1,328,649	1,328,649	124,344,487	0	22,144	100.00	93.59	0	55.60	43.71	.69	.00											
283	test07	5	100	2	39.4	8,945	NEGATE_ALL	10	4	4	60,000	1,456,903	1,456,903	88,364,548	0	24,282	100.00	60.65	0	59.42	40.06	.53	.00	.00	.00									
284	test07	5	100	2	39.4	8,945	NEGATE_ALL2	10	4	4	60,000	1,466,999	1,466,999	88,805,304	0	24,450	100.00	60.54	0	59.70	39.75	.54	.00	.00										
